##### SANCTORAL ##########################################################
mary_MG=Sainte #Marie, Mère de #Dieu / #Mary, #MotherOfGod / #BonneAnnée #HappyNewYear 
basil_gregN=#StBasile le Grand et #StGrégoire de Naziance
Jesus_HolyName=#SaintNom de #Jésus / #HolyName of #Jesus
raymondP=#StRaymond de Peñafort
hilary=#StHilaire de Poitiers
antony_egypt=#StAntoine le Grand
fabian=#StFabien
sebastien=#StSebastien
agnes=#SteAgnès
vincent_saragossa=#StVincent
francis_sales=#StFrançoisDeSales
paul_conv=#Conversion de #StPaul, Apôtre
timothy_titus=#StTimothée et #StTite
angela_merici=#SteAngèleMerici
thomas_aquinas=#StThomasDAquin
jean_bosco=#StJeanBosco
chandeleur=#PrésentationDuSeigneur au Temple #chandeleur
blaise=#StBlaise
ansgar=#StAnschaire
agatha=#SteAgathe
paul_miki_co=#StPaulMiki et ses compagnons
jerome_emiliani=#StJerômeEmilien
josephine_bakhita=#SteJoséphineBakhita
scholastica=#SteScolastique
ND_Lourdes=#NotreDame de #Lourdes / #OurLady of Lourdes
cyril_methode=#StsCyrilleEtMéthode
cyril_methode_EUR=#StsCyrilleEtMéthode, Patrons de l'#Europe
servites7=Les Sept #Saints fondateurs des #Servites de #Marie
peter_damian=#StPierreDamien
peter_chair=#Chaire de #SPierre / #ChairOfStPeter
polycarp=#StPolycarpe
casimir=#StCasimir
perpetue_felicite=#StesPerpétueEtFélicité
perpetue_felicite_NA=#StesPerpétueEtFélicité
jeandedieu=#StJeanDeDieu
francoise_romaine=#SteFrançoiseRomaine
patrick=#StPatrick
cyril_jerusalem=#StCyrille de Jérusalem
joseph_husband=#StJoseph, Epoux de la Bienheureuse #ViergeMarie
turibius=#StToribioDeMogrovejo
annonciation=#Annonciation du #Seigneur
francis_paola=#StFrançoisDePaule
isidore=#StIsidore de Séville
vincent_ferrer=#StVincentFerrier
jb_delasalle=#StJeanBaptisteDeLaSalle
stanislas=#StStanislas
martin_pope=#StMartinIer, pape
anselm_canterbury=#StAnselme de Canterbury
george=#StGeorges
adalbert=#StAdalbert
fidelis=#StFidèle de Sigmaringen
mark_ev=#StMarc, #Evangéliste
peter_chanel=#StPierreChanel
louis_marie_grignon=#StLouisMarieGrignonDeMonfort
cath_siena=#SteCatherineDeSienne
cath_siena_EUR=#SteCatherineDeSienne, Patronne de l'#Europe
pius_v=#StPieV
joseph_worker=#StJosephArtisan
athanasius=#StAthanase
philip_james_app=#StPhilippe et #StJacques
nereus_achille=#StNerée et #StAchille
pancrace=#StPancrace
ND_Fatima=#NotreDame de #Fatima / #OurLady of #Fatima
matthias=#StMatthias
john_i=#SJeanIer, Pape
bernardin=#StBernardin de Sienne
christopher_magallanes_co=#StChristopheMagallanès et ses compagnons
rita=#SteRita
venerable_bede=#StBèdeLeVénérable
greg_VII=#StGrégoireVII
mary_magd_pazzi=#SteMarieMadeleineDePazzi
philip_neri=#StPhilippeNéri
augustin_canterbury=#StAugustin de Cantorbéry
mary_visitation=#Visitation de la #ViergeMarie
justin_martyr=#StJustinMartyr
marcellin_peter=#StMarcellin et #StPierre
charles_lwanga.co=#StCharlesLwanga et ses compagnons
boniface=#StBoniface
norbert=#StNorbert
ephrem=#StEphrem
barnabas=#StBarnabé
anthony_padua=#StAntoine de #Padoue
romuald=#StRomuald
aloysius=#StLouisDeGonzague
paulinus=#StPaulin de Nole
john_fischer_thomas_more=#StJeanFisher et #StThomasMore
birth_jb=#Nativité de #StJeanBaptiste
cyril_alexandria=#StCyrilleDAlexandrie
ireneaeus=#StIrénée
peter_paul_app=#StPierre et #StPaul, #Apôtres / #StPeter & Paul, #Apostles
first_martyrs_rome=Premiers #martyrs de l'Eglise de #Rome
thomas_app=#StThomas
elizabeth_portugal=#SteElisabeth de Portugal
anthony_zaccaria=#StAntoineMarieZaccaria
maria_goretti=#SteMariaGoretti
augustin_zhao_rong=#StAugustinZhaoRong et ses compagnons
benoit=#StBenoît
benoit_EUR=#StBenoît, Patron de l'#Europe
henri=#StHenri
camille_lellis=#StCamilleDeLellis
bonaventure=#StBonaventure
ND_Carmel=#NotreDame du #MontCarmel / #OurLady of Mount Carmel
appolinaire=#StApollinaire
laurent_brindisi=#StLaurent de Brindisi
mary_magdalene=#SteMarieMadeleine
brigitte=Sainte Brigitte de Suède
brigitte_EUR=#SteBrigitte de Suède, Patronne de l'#Europe
sharbel_makhluf=#StCharbelMaklouf
james_app=#StJacques, Apôtre / #StJames
joachim_anne=#StJoachim et #SteAnne
marthe=#SteMarthe
peter_chrysologus=#StPierreChrysologue
ignace_de_loyola=#StIgnaceDeLoyola
alphonse_marie_liguori=#StAlphonseMarie de Liguori
eusebe=#StEusèbe de Verceil
pierre_julien_eymard=#StPierreJulienEymard
cure_d_ars=#StJeanMarieVianney #CuréDArs
ded_s_maria_maggiore=#Dédicace de la #Basilique #SantaMariaMaggiore
transfiguration=#Transfiguration du #Seigneur
sixtus-ii.co=#StSixteII, Pape, et ses compagnons
cajetan=#StGaétan
dominique=#StDominique
edith.stein=Sainte Thérèse-Bénédicte de la Croix (Edith Stein)
edith_stein_EUR=#SteThérèseBénédicte de la Croix (#EdithStein), Patronne de l'Europe
laurent=#StLaurent
claire=#SteClaire
jeanne_de_chantal=#SteJeanneDeChantal
pontian_hippolytus=#StPontien, Pape, et #StHippolyte, Prêtre
maximilien_kolbe=#StMaximilienKolbe
mary_assumption=#Assomption de la Bienheureuse #ViergeMarie
mary_assumption_FRA=#Assomption de la Bienheureuse #ViergeMarie
stephen_hungary=#StEtienneDeHongrie
jean_eudes=#StJeanEudes
bernard_de_clairvaux=#StBernardDeClairvaux
pius_x=#StPieX
mary_queenship=La #ViergeMarie #Reine / #Queenship of #VirginMary
rose_lima=#SteRose de Lima
barthelemi=#StBarthélémy
louis=#StLouis, #Roi de France
joseph_calasanz=#StJosephDeCalasanz
monique=#SteMonique
monique_NA=#Ste Monique
augustin_hippone=#StAugustin d'Hippone
augustin_hippone_NA=#StAugustin d'Hippone
beheading_jb=#Décollation de #StJeanBaptiste
gregory_the_great=#StGrégoireLeGrand
mary_birth=#Nativité de la #ViergeMarie / #Nativity of #Mary
peter_claver=#StPierreClaver
mary_holyname=Le #SaintNom de #Marie / #HolyName of #Mary
jean_chrysostome=#StJeanChrysostome
exaltation_croix=#CroixGlorieuse / #TriumphOfTheCross
ND_Douleurs=#NotreDame des #Douleurs / #OurLady of #Sorrows
corneille_cyprien=#StCorneille et #StCyprien
corneille_cyprien_NA=#StCyprien
robert_bellarmine=#StRobertBellarmin
januarius=#StJanvier
andre_kim_taegon.co=#StAndréKimTaegon, #StPaulChongHasang, et leur compagnons
matthieu_ev=#StMatthieu, #Evangéliste
padre_pio=#StPadrePio
come_damien=#StsCômeEtDamien
vincent_paul=#StVincentDePaul
wenceslas=#StVenceslas
lorenzo_ruiz.co=#StLorenzoRuiz et ses compagnons
archangels=#StMichel, #StGabriel et #StRaphaël, #Archanges / #Archangels
jerome=#StJerôme
therese_enfant_jesus=#SteThérèse de l'#EnfantJésus
therese_enfant_jesus_FRA=#SteThérèse de l'#EnfantJésus, patronne secondaire de la #France
angels_guardians=#StsAngesGardiens / #GuardianAngels
francis_assisi=#StFrançoisDAssise
bruno=#StBruno
ND_Rosaire=#NotreDame du #Rosaire / #OurLady of the #Rosary
denis.co=#StDenis et ses compagnons
jean_leonardi=#StJeanLeonardi
jean_XXIII=#StJeanXXIII
calliste=#StCallisteI
teresa_avila=#SteThérèseDAvila
hedwige=#SteEdwige
mm_alacocque=#SteMargueriteMarieAlacoque
ignace_antioche=#StIgnace d'Antioche
luc_ev=#StLuc, #Evangéliste
jean_brebeuf.co=#StJeanDeBrébeuf, StIsaacJogues, et leurs compagnons
paul_cross=#StPaulDeLaCroix
jean_paul_II=#StJeanPaulII
jean_capistran=#StJeanDeCapistran
antoine_marie_claret=#StAntoineMarieClaret
simon_jude=#StSimon et #StJude
toussaint=#Toussaint / #AllSaints
defunts=Commémoration des fidèles #Défunts / # AllSouls
martin_porres=#StMartinDePorrès
charles_borromee=#StCharlesBorromée
ded_jean_de_latran=#Dédicace de la #Basilique #SaintJeanDeLatran
leon=#StLéon le Grand
martin_tours=#SaintMartin de Tours #11novembre
josaphat=#StJosaphat
albert_great=#StAlbert le Grand
margaret_scotland=#SteMarguerite d'Ecosse
gertrude=#SteGertrude
elizabeth_hungary=#SteElisabeth de Hongrie
ded_peter_paul=#Dédicace des #Basiliques de #SaintPierre et #SaintPaul, Apôtres
mary_presentation=#Présentation de la #ViergeMarie
cecilia=#SteCécile
clement_I=#StClément Ier
colomban=#StColomban
andre_dung_lac.co=#StAndréDungLac et ses compagnons
cath_alexandrie=#SteCatherine d'Alexandrie
andre_app=#StAndré, #Apôtre
francois_xavier=#StFrançoisXavier
jean_damascene=#StJeanDeDamas / #StJohnDamascene
nicolas=#StNicolas
ambroise=#StAmbroise
mary_immaculee_conception=#ImmaculéeConception de la #ViergeMarie #8decembre
juan_diego=#StJuanDiego
damasus_I=#StDamase
ND_Guadalupe=#NotreDame de #Guadalupe / #OurLady of Guadalupe
lucy=#SteLucie
jean_de_la_croix=#StJeanDeLaCroix
peter_canisius=#StPierreCanisius
john_kanty=#StJeanDeKenty
noel=#Noel #Nativité du #Seigneur / #Christmas #Nativity of the #Lord
etienne=#StEtienne
jean_app=#StJean, #Evangéliste
innocents=#StsInnocents
thomas_beckett=#StThomasBeckett
silvestre=#StSylvestre #NewYear
ded_unknown=#Dédicace des Eglises dont on ignore la date de consécration
## PROPER OF THE PROVINCE OF NORTH-AFRICA ################################
fulgence=Saint Fulgence de Ruspe
longinus_eugenius_vindemial=Saints Longinus, Eugène and Vindémial
quodvult_deo=Saints Quodvultdeus and Deogratias
quodvult_deo=Saints Victor Ier,Miltiades and Gélase Ier
celerine_co=Sainte Célerine et ses compagnes
ND_Africa=Notre-Dame d'Afrique
james_marianus_co=Saints Jacques, Marien, et leurs compagnons
optat=Saint Optat
marciana=Sainte Marcienne
sperat_co=Saint Sperat et ses compagnons
emily_vialar=Sainte Emilie de Vialar
alypius_possidius=Saint Alypius and Possidius
nemesianus_co=Saint Nemesianus et ses compagnons
marcellinus_alone=Saint Marcellin
marcellus_maximilian=Saints Marcel et Maximilien
crispina=Sainte Crispine
## PROPER OF FRANCE ######################################################
genevieve=#SteGeneviève
remi=#StRémi
bernadette_soubirous=#SteBernadette Soubirous
yves=#StYves
jeanne_darc=Sainte #JeanneDArc, patronne de la France
pothin_co=#StPothin, #SteBlandine, et leurs compagnons
clotilde=#SteClotilde, reine des Francs
cesaire=#StCésaire d'Arles
## COMMUNAUTE ST MARTIN ##################################################
martin_ordination=Episcopal consecration of St. Martin
maurice=St Maurice
bon_larron=St Dysmas (the Penitent Thief)
holy_relics=Holy relics
medaille_miraculeuse=Manifestation of the Miraculous Medal
##### TEMPORAL ###########################################################
#Seasons
ordinary=#TempsOrdinaire
advent=#Avent
christmas=#Noël
lent=#Carême
easter=#Pâques
#Days
sunday=#Dimanche
monday=#Lundi
tuesday=#Mardi
wednesday=#Mercredi
thursday=#Jeudi
friday=#Vendredi
saturday=#Samedi
sunday_of=#Dimanche
#Nbr
First=Premier
First_F=Première
Second=Deuxième
Third=Troisième
Fourth=Quatrième
Fifth=Cinquième
Sixth=Sixième
Seventh=Septième
Eighth=Huitième
Ninth=Neuvième
Tenth=Dixième
#-------------------------------
Eleventh=Onzième
Twelfth=Douzième
Thirteenth=Treizième
Fourteenth=Quatorzième
Fifteenth=Quinzième
Sixteenth=Seizième
Seventeenth=Dix-septième
Eighteenth=Dix-huitième
Nineteenth=Dix-neuvième
#-------------------------------
Twentieth=Vingtième
Twenty_First=Vingt-et-unième
Twenty_Second=Vingt-deuxième
Twenty_Third=Vingt-troisième
Twenty_Fourth=Vingt-quatrième
Twenty_Fifth=Vingt-cinquième
Twenty_Sixth=Vingt-sixième
Twenty_Seventh=Vingt-septième
Twenty_Eighth=Vingt-huitième
Twenty_Ninth=Vingt-neuvième
#-------------------------------
Thirtieth=Trentième
Thirty_First=Trente-et-unième
Thirty_Second=Trente-deuxième
Thirty_Third=Trente-troisième
Thirty_Fourth=Trente-quatrième
# -- No more than 34 weeks in OT
#Late Christmas time
epiphany=#Epiphanie du Seigneur / #Epiphany
baptismOtL=#BaptêmeDuSeigneur / #BaptismOfTheLord
epiphany_Monday_BF=Lundi avant l'Epiphanie
epiphany_Tuesday_BF=Mardi avant l'Epiphanie
epiphany_Wednesday_BF=Mercredi avant l'Epiphanie
epiphany_Thursday_BF=Jeudi avant l'Epiphanie
epiphany_Friday_BF=Vendredi avant l'Epiphanie
epiphany_Saturday_BF=Samedi avant l'Epiphanie
epiphany_Monday_AF=Lundi après l'Epiphanie
epiphany_Tuesday_AF=Mardi après l'Epiphanie
epiphany_Wednesday_AF=Mercredi après l'Epiphanie
epiphany_Thursday_AF=Jeudi après l'Epiphanie
epiphany_Friday_AF=Vendredi après l'Epiphanie
epiphany_Saturday_AF=Samedi après l'Epiphanie
# Ash week
ash_wed=#MercrediDesCendres / #AshWednesday
ash_thu=Jeudi après les #Cendres
ash_fri=Vendredi après les #Cendres
ash_sat=Samedi après les #Cendres
# Holy Week
palm_sun=Dimanche des #Rameaux et de la #Passion
holy_mon=#LundiSaint / Monday of #HolyWeek
holy_tue=#MardiSaint / Tuesday of #HolyWeek
holy_wed=#MercrediSaint / Wednesday of #HolyWeek
holy_thu=#JeudiSaint / #HolyThursday
holy_fri=#VendrediSaint / #GoodFriday
holy_sat=#SamediSaint / #HolySaturday #EasterVigil
# EASTER
easter_sun=#Pâques / #Easter / #Résurrection de #JesusChrist
east_mon=Lundi dans l'octave de Pâques
east_tue=Mardi dans l'octave de Pâques
east_wed=Mercredi dans l'octave de Pâques
east_thu=Jeudi dans l'octave de Pâques
east_fri=Vendredi dans l'octave de Pâques
east_sat=Samedi dans l'octave de Pâques
east_sun2=Second Dimanche de Pâques - la #DivineMiséricorde / #DivineMercySunday
# easter season solemnities
asc=#Ascension du Seigneur
pen=#Pentecôte / #Pentecost #WhitSunday
tri=La Très Sainte #Trinité
cc=Le #SaintSacrement #FêteDieu #CorpusChristi
shJ=Le #SacréCoeur de #Jésus / #SacredHeart
ihM=Le #CoeurImmaculé de #Marie / #ImmaculateHeart
# Early Advent
ck=Le #ChristRoi de l'Univers / #ChristKing of the Universe
# Christmas Time
hf=#SainteFamille / #HolyFamily
xmas_oct_2=Deuxième jour dans l'octave de la Nativité
xmas_oct_3=Troisième jour dans l'octave de la Nativité
xmas_oct_4=Quatrième jour dans l'octave de la Nativité
xmas_oct_5=Cinquième jour dans l'octave de la Nativité
xmas_oct_6=Sixième jour dans l'octave de la Nativité
xmas_oct_7=Septième jour dans l'octave de la Nativité
#### COLORS ##############################################################
Green=📗 
White=⚪
Red=📕
Purple=💜
Rose=💜
Black=⚫
Gold=🌟
Blue=📘
No_color=X
#### CELEBRATIONS RANKS ##################################################
rk_sol=#Solennité
rk_ftL=#Fête
rk_fst=#Fête
rk_mem=#Mémoire
rk_opt=#Mémoire (opt.)
rk_wkd=de la Férie
rk_com=#Commémoration
rk_sun=#Dimanche
rk_ash= 
rk_hwk= 
rk_tri=#Triduum
rk_none=No rank
##### TECHNICAL ##########################################################
of1=de
of2=du
and_key= et
of_the=de la
week_of=Semaine
or_other=: ou bien,
ommited=On omet:
mov_from=Reporté du